what,kind,bundleId,bundleVersion,description,time
executed,command,org.eclipse.ui,3.7.0.I20110602-0100,"org.eclipse.ui.file.save",1321652787508
executed,command,org.eclipse.ui.ide,3.7.0.I20110519-0100,"org.eclipse.ui.project.buildProject",1321652790849
deactivated,workbench,org.eclipse.ui.workbench,3.7.0.I20110519-0100,"",1321652791302
activated,workbench,org.eclipse.ui.workbench,3.7.0.I20110519-0100,"",1321652791878
deactivated,workbench,org.eclipse.ui.workbench,3.7.0.I20110519-0100,"",1321652793133
activated,workbench,org.eclipse.ui.workbench,3.7.0.I20110519-0100,"",1321652810534
deactivated,workbench,org.eclipse.ui.workbench,3.7.0.I20110519-0100,"",1321652814434
activated,workbench,org.eclipse.ui.workbench,3.7.0.I20110519-0100,"",1321652816070
executed,command,org.eclipse.ui,3.7.0.I20110602-0100,"org.eclipse.ui.file.save",1321652827203
executed,command,org.eclipse.ui,3.7.0.I20110602-0100,"org.eclipse.ui.file.save",1321652831034
executed,command,org.eclipse.ui.workbench.texteditor,3.7.0.v20110505-0800,"org.eclipse.ui.edit.text.select.wordPrevious",1321652832084
executed,command,org.eclipse.ui.workbench.texteditor,3.7.0.v20110505-0800,"org.eclipse.ui.edit.text.select.wordPrevious",1321652832264
executed,command,org.eclipse.ui.workbench.texteditor,3.7.0.v20110505-0800,"org.eclipse.ui.edit.text.select.wordPrevious",1321652832438
executed,command,org.eclipse.ui.workbench.texteditor,3.7.0.v20110505-0800,"org.eclipse.ui.edit.text.select.wordPrevious",1321652832649
executed,command,org.eclipse.ui.workbench.texteditor,3.7.0.v20110505-0800,"org.eclipse.ui.edit.text.select.wordPrevious",1321652832859
executed,command,org.eclipse.ui.workbench.texteditor,3.7.0.v20110505-0800,"org.eclipse.ui.edit.text.select.wordPrevious",1321652833212
executed,command,org.eclipse.ui,3.7.0.I20110602-0100,"org.eclipse.ui.file.save",1321652834427
executed,command,org.eclipse.ui,3.7.0.I20110602-0100,"org.eclipse.ui.file.save",1321652851496
activated,editor,org.eclipse.cdt.ui,5.3.0.201106081058,"org.eclipse.cdt.ui.editor.CEditor",1321652856721
activated,editor,org.eclipse.cdt.ui,5.3.0.201106081058,"org.eclipse.cdt.ui.editor.CEditor",1321652859220
deactivated,workbench,org.eclipse.ui.workbench,3.7.0.I20110519-0100,"",1321652863579
activated,workbench,org.eclipse.ui.workbench,3.7.0.I20110519-0100,"",1321652912771
activated,view,org.eclipse.ui.console,3.5.100.v20110511,"org.eclipse.ui.console.ConsoleView",1321652914727
activated,view,org.eclipse.ui.ide,3.7.0.I20110519-0100,"org.eclipse.ui.views.ProblemView",1321652918706
deactivated,workbench,org.eclipse.ui.workbench,3.7.0.I20110519-0100,"",1321652923517
activated,workbench,org.eclipse.ui.workbench,3.7.0.I20110519-0100,"",1321652943509
deactivated,workbench,org.eclipse.ui.workbench,3.7.0.I20110519-0100,"",1321652944530
activated,workbench,org.eclipse.ui.workbench,3.7.0.I20110519-0100,"",1321653007499
activated,editor,org.eclipse.cdt.ui,5.3.0.201106081058,"org.eclipse.cdt.ui.editor.CEditor",1321653009998
executed,command,org.eclipse.ui,3.7.0.I20110602-0100,"org.eclipse.ui.edit.delete",1321653011235
executed,command,org.eclipse.ui,3.7.0.I20110602-0100,"org.eclipse.ui.edit.delete",1321653011394
executed,command,org.eclipse.ui,3.7.0.I20110602-0100,"org.eclipse.ui.edit.delete",1321653011647
executed,command,org.eclipse.ui,3.7.0.I20110602-0100,"org.eclipse.ui.file.save",1321653017264
deactivated,workbench,org.eclipse.ui.workbench,3.7.0.I20110519-0100,"",1321653019702
activated,workbench,org.eclipse.ui.workbench,3.7.0.I20110519-0100,"",1321653059596
executed,command,org.eclipse.ui.ide,3.7.0.I20110519-0100,"org.eclipse.ui.project.buildProject",1321653064490
deactivated,workbench,org.eclipse.ui.workbench,3.7.0.I20110519-0100,"",1321653065005
activated,workbench,org.eclipse.ui.workbench,3.7.0.I20110519-0100,"",1321653065655
activated,view,org.eclipse.ui.console,3.5.100.v20110511,"org.eclipse.ui.console.ConsoleView",1321653066132
activated,view,org.eclipse.ui.navigator.resources,3.4.300.I20110421-1800,"org.eclipse.ui.navigator.ProjectExplorer",1321653074173
activated,editor,org.eclipse.cdt.ui,5.3.0.201106081058,"org.eclipse.cdt.ui.editor.CEditor",1321653080733
activated,editor,org.eclipse.cdt.ui,5.3.0.201106081058,"org.eclipse.cdt.ui.editor.CEditor",1321653083330
executed,command,org.eclipse.ui,3.7.0.I20110602-0100,"org.eclipse.ui.file.save",1321653089663
executed,command,org.eclipse.ui.ide,3.7.0.I20110519-0100,"org.eclipse.ui.project.buildProject",1321653092732
deactivated,workbench,org.eclipse.ui.workbench,3.7.0.I20110519-0100,"",1321653093263
activated,workbench,org.eclipse.ui.workbench,3.7.0.I20110519-0100,"",1321653093812
activated,editor,org.eclipse.cdt.ui,5.3.0.201106081058,"org.eclipse.cdt.ui.editor.CEditor",1321653097499
executed,command,org.eclipse.ui,3.7.0.I20110602-0100,"org.eclipse.ui.edit.delete",1321653126345
executed,command,org.eclipse.ui,3.7.0.I20110602-0100,"org.eclipse.ui.file.save",1321653128538
deactivated,workbench,org.eclipse.ui.workbench,3.7.0.I20110519-0100,"",1321653133933
activated,workbench,org.eclipse.ui.workbench,3.7.0.I20110519-0100,"",1321653139881
deactivated,workbench,org.eclipse.ui.workbench,3.7.0.I20110519-0100,"",1321653145264
activated,workbench,org.eclipse.ui.workbench,3.7.0.I20110519-0100,"",1321653146661
executed,command,org.eclipse.ui,3.7.0.I20110602-0100,"org.eclipse.ui.file.save",1321653150206
executed,command,org.eclipse.ui.ide,3.7.0.I20110519-0100,"org.eclipse.ui.project.buildProject",1321653154592
deactivated,workbench,org.eclipse.ui.workbench,3.7.0.I20110519-0100,"",1321653155157
activated,workbench,org.eclipse.ui.workbench,3.7.0.I20110519-0100,"",1321653155719
deactivated,workbench,org.eclipse.ui.workbench,3.7.0.I20110519-0100,"",1321653158989
activated,workbench,org.eclipse.ui.workbench,3.7.0.I20110519-0100,"",1321653160348
deactivated,workbench,org.eclipse.ui.workbench,3.7.0.I20110519-0100,"",1321653187438
activated,workbench,org.eclipse.ui.workbench,3.7.0.I20110519-0100,"",1321653196649
executed,command,org.eclipse.ui,3.7.0.I20110602-0100,"org.eclipse.ui.file.save",1321653202263
executed,command,org.eclipse.ui.ide,3.7.0.I20110519-0100,"org.eclipse.ui.project.buildProject",1321653205612
deactivated,workbench,org.eclipse.ui.workbench,3.7.0.I20110519-0100,"",1321653206056
activated,workbench,org.eclipse.ui.workbench,3.7.0.I20110519-0100,"",1321653206732
executed,command,org.eclipse.ui,3.7.0.I20110602-0100,"org.eclipse.ui.file.save",1321653225693
executed,command,org.eclipse.ui.ide,3.7.0.I20110519-0100,"org.eclipse.ui.project.buildProject",1321653231398
deactivated,workbench,org.eclipse.ui.workbench,3.7.0.I20110519-0100,"",1321653231902
activated,workbench,org.eclipse.ui.workbench,3.7.0.I20110519-0100,"",1321653232470
executed,command,org.eclipse.ui.workbench.texteditor,3.7.0.v20110505-0800,"org.eclipse.ui.edit.text.select.wordPrevious",1321653236669
executed,command,org.eclipse.ui.workbench.texteditor,3.7.0.v20110505-0800,"org.eclipse.ui.edit.text.select.wordPrevious",1321653236842
executed,command,org.eclipse.ui.workbench.texteditor,3.7.0.v20110505-0800,"org.eclipse.ui.edit.text.select.wordPrevious",1321653237018
executed,command,org.eclipse.ui.workbench.texteditor,3.7.0.v20110505-0800,"org.eclipse.ui.edit.text.select.wordPrevious",1321653237194
executed,command,org.eclipse.ui.workbench.texteditor,3.7.0.v20110505-0800,"org.eclipse.ui.edit.text.select.wordPrevious",1321653237370
executed,command,org.eclipse.ui.workbench.texteditor,3.7.0.v20110505-0800,"org.eclipse.ui.edit.text.select.wordPrevious",1321653237545
executed,command,org.eclipse.ui,3.7.0.I20110602-0100,"org.eclipse.ui.file.save",1321653239343
activated,view,org.eclipse.ui.navigator.resources,3.4.300.I20110421-1800,"org.eclipse.ui.navigator.ProjectExplorer",1321653289411
deactivated,workbench,org.eclipse.ui.workbench,3.7.0.I20110519-0100,"",1321653295295
activated,workbench,org.eclipse.ui.workbench,3.7.0.I20110519-0100,"",1321653300126
activated,editor,org.eclipse.cdt.ui,5.3.0.201106081058,"org.eclipse.cdt.ui.editor.CEditor",1321653310734
executed,command,org.eclipse.ui,3.7.0.I20110602-0100,"org.eclipse.ui.file.save",1321653319255
deactivated,workbench,org.eclipse.ui.workbench,3.7.0.I20110519-0100,"",1321653325480
activated,workbench,org.eclipse.ui.workbench,3.7.0.I20110519-0100,"",1321653353097
deactivated,workbench,org.eclipse.ui.workbench,3.7.0.I20110519-0100,"",1321653356021
activated,workbench,org.eclipse.ui.workbench,3.7.0.I20110519-0100,"",1321653357052
deactivated,workbench,org.eclipse.ui.workbench,3.7.0.I20110519-0100,"",1321653359093
activated,workbench,org.eclipse.ui.workbench,3.7.0.I20110519-0100,"",1321653413542
deactivated,workbench,org.eclipse.ui.workbench,3.7.0.I20110519-0100,"",1321653423931
activated,workbench,org.eclipse.ui.workbench,3.7.0.I20110519-0100,"",1321653427759
executed,command,org.eclipse.ui.workbench.texteditor,3.7.0.v20110505-0800,"org.eclipse.ui.edit.text.goto.wordPrevious",1321653430169
executed,command,org.eclipse.ui,3.7.0.I20110602-0100,"org.eclipse.ui.edit.delete",1321653430515
deactivated,workbench,org.eclipse.ui.workbench,3.7.0.I20110519-0100,"",1321653436749
activated,workbench,org.eclipse.ui.workbench,3.7.0.I20110519-0100,"",1321653438120
deactivated,workbench,org.eclipse.ui.workbench,3.7.0.I20110519-0100,"",1321653445494
activated,workbench,org.eclipse.ui.workbench,3.7.0.I20110519-0100,"",1321653453113
deactivated,workbench,org.eclipse.ui.workbench,3.7.0.I20110519-0100,"",1321653462840
activated,workbench,org.eclipse.ui.workbench,3.7.0.I20110519-0100,"",1321653468132
executed,command,org.eclipse.ui,3.7.0.I20110602-0100,"org.eclipse.ui.file.save",1321653473170
activated,view,org.eclipse.ui.ide,3.7.0.I20110519-0100,"org.eclipse.ui.views.ProblemView",1321653478354
executed,command,org.eclipse.ui.ide,3.7.0.I20110519-0100,"org.eclipse.ui.project.buildAll",1321653489605
deactivated,workbench,org.eclipse.ui.workbench,3.7.0.I20110519-0100,"",1321653490093
activated,workbench,org.eclipse.ui.workbench,3.7.0.I20110519-0100,"",1321653490622
deactivated,workbench,org.eclipse.ui.workbench,3.7.0.I20110519-0100,"",1321653497776
executed,command,org.eclipse.ui.ide,3.7.0.I20110519-0100,"org.eclipse.ui.project.cleanAction",1321653498877
activated,workbench,org.eclipse.ui.workbench,3.7.0.I20110519-0100,"",1321653498956
activated,view,org.eclipse.ui.console,3.5.100.v20110511,"org.eclipse.ui.console.ConsoleView",1321653503971
activated,editor,org.eclipse.cdt.ui,5.3.0.201106081058,"org.eclipse.cdt.ui.editor.CEditor",1321653510767
executed,command,org.eclipse.ui,3.7.0.I20110602-0100,"org.eclipse.ui.file.save",1321653512559
executed,command,org.eclipse.ui.ide,3.7.0.I20110519-0100,"org.eclipse.ui.project.buildProject",1321653515188
deactivated,workbench,org.eclipse.ui.workbench,3.7.0.I20110519-0100,"",1321653515818
activated,workbench,org.eclipse.ui.workbench,3.7.0.I20110519-0100,"",1321653516463
activated,view,org.eclipse.ui.ide,3.7.0.I20110519-0100,"org.eclipse.ui.views.ProblemView",1321653519099
deactivated,workbench,org.eclipse.ui.workbench,3.7.0.I20110519-0100,"",1321653529174
activated,workbench,org.eclipse.ui.workbench,3.7.0.I20110519-0100,"",1321653610394
activated,editor,org.eclipse.cdt.ui,5.3.0.201106081058,"org.eclipse.cdt.ui.editor.CEditor",1321653612593
deactivated,workbench,org.eclipse.ui.workbench,3.7.0.I20110519-0100,"",1321653621592
activated,workbench,org.eclipse.ui.workbench,3.7.0.I20110519-0100,"",1321653641419
executed,command,org.eclipse.ui.workbench.texteditor,3.7.0.v20110505-0800,"org.eclipse.ui.edit.text.goto.wordPrevious",1321653641962
executed,command,org.eclipse.ui.workbench.texteditor,3.7.0.v20110505-0800,"org.eclipse.ui.edit.text.goto.wordNext",1321653642874
deactivated,workbench,org.eclipse.ui.workbench,3.7.0.I20110519-0100,"",1321653643657
activated,workbench,org.eclipse.ui.workbench,3.7.0.I20110519-0100,"",1321653650250
deactivated,workbench,org.eclipse.ui.workbench,3.7.0.I20110519-0100,"",1321653654640
activated,workbench,org.eclipse.ui.workbench,3.7.0.I20110519-0100,"",1321653657258
executed,command,org.eclipse.ui,3.7.0.I20110602-0100,"org.eclipse.ui.file.save",1321653659413
executed,command,org.eclipse.ui,3.7.0.I20110602-0100,"org.eclipse.ui.file.save",1321653666023
executed,command,org.eclipse.ui,3.7.0.I20110602-0100,"org.eclipse.ui.file.save",1321653671748
executed,command,org.eclipse.ui.ide,3.7.0.I20110519-0100,"org.eclipse.ui.project.buildProject",1321653674876
deactivated,workbench,org.eclipse.ui.workbench,3.7.0.I20110519-0100,"",1321653675343
activated,workbench,org.eclipse.ui.workbench,3.7.0.I20110519-0100,"",1321653675875
activated,view,org.eclipse.ui.console,3.5.100.v20110511,"org.eclipse.ui.console.ConsoleView",1321653678808
activated,view,org.eclipse.ui.ide,3.7.0.I20110519-0100,"org.eclipse.ui.views.ProblemView",1321653680013
activated,editor,org.eclipse.cdt.ui,5.3.0.201106081058,"org.eclipse.cdt.ui.editor.CEditor",1321653681429
executed,command,org.eclipse.ui.workbench.texteditor,3.7.0.v20110505-0800,"org.eclipse.ui.edit.text.select.wordPrevious",1321653682976
executed,command,org.eclipse.ui,3.7.0.I20110602-0100,"org.eclipse.ui.file.save",1321653683627
executed,command,org.eclipse.ui.ide,3.7.0.I20110519-0100,"org.eclipse.ui.project.buildProject",1321653687856
deactivated,workbench,org.eclipse.ui.workbench,3.7.0.I20110519-0100,"",1321653688278
activated,workbench,org.eclipse.ui.workbench,3.7.0.I20110519-0100,"",1321653688829
executed,command,org.eclipse.ui,3.7.0.I20110602-0100,"org.eclipse.ui.file.save",1321653695369
executed,command,org.eclipse.ui.workbench.texteditor,3.7.0.v20110505-0800,"org.eclipse.ui.edit.text.select.wordPrevious",1321653697515
executed,command,org.eclipse.ui,3.7.0.I20110602-0100,"org.eclipse.ui.file.save",1321653698022
executed,command,org.eclipse.ui,3.7.0.I20110602-0100,"org.eclipse.ui.file.save",1321653707592
activated,editor,org.eclipse.cdt.ui,5.3.0.201106081058,"org.eclipse.cdt.ui.editor.CEditor",1321653724985
executed,command,org.eclipse.ui,3.7.0.I20110602-0100,"org.eclipse.ui.file.save",1321653766592
activated,editor,org.eclipse.cdt.ui,5.3.0.201106081058,"org.eclipse.cdt.ui.editor.CEditor",1321653768997
activated,editor,org.eclipse.cdt.ui,5.3.0.201106081058,"org.eclipse.cdt.ui.editor.CEditor",1321653772715
activated,editor,org.eclipse.cdt.ui,5.3.0.201106081058,"org.eclipse.cdt.ui.editor.CEditor",1321653789316
activated,editor,org.eclipse.cdt.ui,5.3.0.201106081058,"org.eclipse.cdt.ui.editor.CEditor",1321653790703
activated,editor,org.eclipse.cdt.ui,5.3.0.201106081058,"org.eclipse.cdt.ui.editor.CEditor",1321653811435
activated,editor,org.eclipse.cdt.ui,5.3.0.201106081058,"org.eclipse.cdt.ui.editor.CEditor",1321653815705
activated,editor,org.eclipse.cdt.ui,5.3.0.201106081058,"org.eclipse.cdt.ui.editor.CEditor",1321653833336
activated,editor,org.eclipse.cdt.ui,5.3.0.201106081058,"org.eclipse.cdt.ui.editor.CEditor",1321653835806
activated,editor,org.eclipse.cdt.ui,5.3.0.201106081058,"org.eclipse.cdt.ui.editor.CEditor",1321653837689
activated,editor,org.eclipse.cdt.ui,5.3.0.201106081058,"org.eclipse.cdt.ui.editor.CEditor",1321653852778
activated,editor,org.eclipse.cdt.ui,5.3.0.201106081058,"org.eclipse.cdt.ui.editor.CEditor",1321653887098
activated,editor,org.eclipse.cdt.ui,5.3.0.201106081058,"org.eclipse.cdt.ui.editor.CEditor",1321653889272
activated,editor,org.eclipse.cdt.ui,5.3.0.201106081058,"org.eclipse.cdt.ui.editor.CEditor",1321653890775
activated,editor,org.eclipse.cdt.ui,5.3.0.201106081058,"org.eclipse.cdt.ui.editor.CEditor",1321653898102
activated,editor,org.eclipse.cdt.ui,5.3.0.201106081058,"org.eclipse.cdt.ui.editor.CEditor",1321653899563
executed,command,org.eclipse.ui,3.7.0.I20110602-0100,"org.eclipse.ui.file.save",1321653903424
executed,command,org.eclipse.ui.workbench.texteditor,3.7.0.v20110505-0800,"org.eclipse.ui.edit.text.select.wordNext",1321653937687
executed,command,org.eclipse.ui.workbench.texteditor,3.7.0.v20110505-0800,"org.eclipse.ui.edit.text.goto.wordNext",1321653942164
executed,command,org.eclipse.ui.workbench.texteditor,3.7.0.v20110505-0800,"org.eclipse.ui.edit.text.goto.wordNext",1321653942479
executed,command,org.eclipse.ui.workbench.texteditor,3.7.0.v20110505-0800,"org.eclipse.ui.edit.text.select.wordNext",1321653943051
executed,command,org.eclipse.ui.workbench.texteditor,3.7.0.v20110505-0800,"org.eclipse.ui.edit.text.goto.wordPrevious",1321653944337
executed,command,org.eclipse.ui.workbench.texteditor,3.7.0.v20110505-0800,"org.eclipse.ui.edit.text.goto.wordPrevious",1321653944618
executed,command,org.eclipse.ui.workbench.texteditor,3.7.0.v20110505-0800,"org.eclipse.ui.edit.text.goto.wordPrevious",1321653944940
executed,command,org.eclipse.ui,3.7.0.I20110602-0100,"org.eclipse.ui.file.save",1321653960225
activated,editor,org.eclipse.cdt.ui,5.3.0.201106081058,"org.eclipse.cdt.ui.editor.CEditor",1321653985308
activated,editor,org.eclipse.cdt.ui,5.3.0.201106081058,"org.eclipse.cdt.ui.editor.CEditor",1321654030002
executed,command,org.eclipse.ui.workbench.texteditor,3.7.0.v20110505-0800,"org.eclipse.ui.edit.text.select.wordPrevious",1321654032683
executed,command,org.eclipse.ui.workbench.texteditor,3.7.0.v20110505-0800,"org.eclipse.ui.edit.text.select.wordPrevious",1321654033007
deactivated,workbench,org.eclipse.ui.workbench,3.7.0.I20110519-0100,"",1321654487192
activated,workbench,org.eclipse.ui.workbench,3.7.0.I20110519-0100,"",1321654541807
executed,command,org.eclipse.ui,3.7.0.I20110602-0100,"org.eclipse.ui.file.save",1321654543408
deactivated,workbench,org.eclipse.ui.workbench,3.7.0.I20110519-0100,"",1321654544407
started,bundle,org.eclipse.cdt.mylyn.ui,3.6.0.v20110608-1400,"org.eclipse.cdt.mylyn.ui",1321654545520
closed,workbench,org.eclipse.ui.workbench,3.7.0.I20110519-0100,"",1321654545678
stopped,bundle,org.eclipse.cdt.build.crossgcc,1.0.0.201106081058,"org.eclipse.cdt.build.crossgcc",1321654546205
stopped,bundle,org.eclipse.cdt.codan.checkers,1.0.0.201106081058,"org.eclipse.cdt.codan.checkers",1321654546205
stopped,bundle,org.eclipse.cdt.codan.checkers.ui,1.0.0.201106081058,"org.eclipse.cdt.codan.checkers.ui",1321654546205
stopped,bundle,org.eclipse.cdt.codan.ui.cxx,2.0.0.201106081058,"org.eclipse.cdt.codan.ui.cxx",1321654546205
stopped,bundle,org.eclipse.cdt.codan.core.cxx,1.0.0.201106081058,"org.eclipse.cdt.codan.core.cxx",1321654546205
stopped,bundle,org.eclipse.cdt.launch.remote,2.3.0.201106081058,"org.eclipse.cdt.launch.remote",1321654546205
stopped,bundle,org.eclipse.cdt.debug.mi.ui,6.1.0.201106081058,"org.eclipse.cdt.debug.mi.ui",1321654546245
stopped,bundle,org.eclipse.cdt.debug.mi.core,7.1.0.201106081058,"org.eclipse.cdt.debug.mi.core",1321654546273
stopped,bundle,org.eclipse.cdt.debug.ui.memory.memorybrowser,1.2.100.201106081058,"org.eclipse.cdt.debug.ui.memory.memorybrowser",1321654546286
stopped,bundle,org.eclipse.cdt.debug.ui.memory.search,1.2.0.201106081058,"org.eclipse.cdt.debug.ui.memory.search",1321654546302
stopped,bundle,org.eclipse.cdt.dsf.gdb.ui,2.2.0.201106081058,"org.eclipse.cdt.dsf.gdb.ui",1321654546370
stopped,bundle,org.eclipse.cdt.dsf.ui,2.2.0.201106081058,"org.eclipse.cdt.dsf.ui",1321654546560
stopped,bundle,org.eclipse.cdt.gdb.ui,7.0.0.201106081058,"org.eclipse.cdt.gdb.ui",1321654546668
stopped,bundle,org.eclipse.cdt.dsf.gdb,4.0.0.201106081058,"org.eclipse.cdt.dsf.gdb",1321654546866
stopped,bundle,org.eclipse.cdt.launch,7.0.0.201106081058,"org.eclipse.cdt.launch",1321654546916
stopped,bundle,org.eclipse.cdt.debug.ui,7.1.0.201106081058,"org.eclipse.cdt.debug.ui",1321654546916
stopped,bundle,org.eclipse.cdt.debug.ui.memory.traditional,1.2.0.201106081058,"org.eclipse.cdt.debug.ui.memory.traditional",1321654546988
stopped,bundle,org.eclipse.cdt.dsf,2.2.0.201106081058,"org.eclipse.cdt.dsf",1321654547017
stopped,bundle,org.eclipse.cdt.debug.core,7.1.0.201106081058,"org.eclipse.cdt.debug.core",1321654547017
stopped,bundle,org.eclipse.linuxtools.cdt.autotools.ui,1.0.1.201106060936,"org.eclipse.linuxtools.cdt.autotools.ui",1321654547017
stopped,bundle,org.eclipse.linuxtools.cdt.autotools.core,1.0.1.201106060936,"org.eclipse.linuxtools.cdt.autotools.core",1321654547017
stopped,bundle,org.eclipse.cdt.managedbuilder.ui,8.0.0.201106081058,"org.eclipse.cdt.managedbuilder.ui",1321654547017
stopped,bundle,org.eclipse.cdt.make.ui,7.1.0.201106081058,"org.eclipse.cdt.make.ui",1321654547017
stopped,bundle,org.eclipse.cdt.managedbuilder.gnu.ui,8.0.0.201106081058,"org.eclipse.cdt.managedbuilder.gnu.ui",1321654547017
stopped,bundle,org.eclipse.cdt.msw.build,1.0.0.201106081058,"org.eclipse.cdt.msw.build",1321654547017
stopped,bundle,org.eclipse.cdt.managedbuilder.core,8.0.0.201106081058,"org.eclipse.cdt.managedbuilder.core",1321654547018
stopped,bundle,org.eclipse.cdt.make.core,7.1.0.201106081058,"org.eclipse.cdt.make.core",1321654547018
stopped,bundle,org.eclipse.cdt.mylyn.ui,3.6.0.v20110608-1400,"org.eclipse.cdt.mylyn.ui",1321654547018
stopped,bundle,org.eclipse.cdt.codan.ui,2.0.0.201106081058,"org.eclipse.cdt.codan.ui",1321654547018
stopped,bundle,org.eclipse.cdt.ui,5.3.0.201106081058,"org.eclipse.cdt.ui",1321654547019
stopped,bundle,org.eclipse.cdt.core,5.3.0.201106081058,"org.eclipse.cdt.core",1321654547019
stopped,bundle,org.eclipse.egit.ui,1.0.0.201106090707-r,"org.eclipse.egit.ui",1321654547019
stopped,bundle,org.eclipse.equinox.p2.ui.sdk,1.0.200.v20110502-1955,"org.eclipse.equinox.p2.ui.sdk",1321654547026
stopped,bundle,org.eclipse.rse.importexport,1.2.200.v201105021534,"org.eclipse.rse.importexport",1321654547058
stopped,bundle,org.eclipse.rse.subsystems.shells.telnet,1.2.200.v201101042155,"org.eclipse.rse.subsystems.shells.telnet",1321654547073
activated,perspective,org.eclipse.cdt.ui,,"org.eclipse.cdt.ui.CPerspective",1321675174717
started,bundle,org.eclipse.osgi,3.7.0.v20110613,"org.eclipse.osgi",1321675174719
started,bundle,org.eclipse.equinox.simpleconfigurator,1.0.200.v20110502-1955,"org.eclipse.equinox.simpleconfigurator",1321675174719
started,bundle,com.ibm.icu,4.4.2.v20110208,"com.ibm.icu",1321675174738
started,bundle,org.eclipse.cdt.codan.checkers,1.0.0.201106081058,"org.eclipse.cdt.codan.checkers",1321675174739
started,bundle,org.eclipse.cdt.codan.core,2.0.0.201106081058,"org.eclipse.cdt.codan.core",1321675174749
started,bundle,org.eclipse.cdt.codan.core.cxx,1.0.0.201106081058,"org.eclipse.cdt.codan.core.cxx",1321675174750
started,bundle,org.eclipse.cdt.codan.ui.cxx,2.0.0.201106081058,"org.eclipse.cdt.codan.ui.cxx",1321675174762
started,bundle,org.eclipse.cdt.core,5.3.0.201106081058,"org.eclipse.cdt.core",1321675174762
started,bundle,org.eclipse.cdt.make.core,7.1.0.201106081058,"org.eclipse.cdt.make.core",1321675174769
started,bundle,org.eclipse.cdt.make.ui,7.1.0.201106081058,"org.eclipse.cdt.make.ui",1321675174785
started,bundle,org.eclipse.cdt.managedbuilder.core,8.0.0.201106081058,"org.eclipse.cdt.managedbuilder.core",1321675174818
started,bundle,org.eclipse.cdt.msw.build,1.0.0.201106081058,"org.eclipse.cdt.msw.build",1321675174838
started,bundle,org.eclipse.cdt.ui,5.3.0.201106081058,"org.eclipse.cdt.ui",1321675174838
started,bundle,org.eclipse.compare.core,3.5.200.I20110208-0800,"org.eclipse.compare.core",1321675174839
started,bundle,org.eclipse.core.contenttype,3.4.100.v20110423-0524,"org.eclipse.core.contenttype",1321675174870
started,bundle,org.eclipse.core.databinding.observable,1.4.0.I20110222-0800,"org.eclipse.core.databinding.observable",1321675174880
started,bundle,org.eclipse.core.expressions,3.4.300.v20110228,"org.eclipse.core.expressions",1321675174894
started,bundle,org.eclipse.core.filebuffers,3.5.200.v20110505-0800,"org.eclipse.core.filebuffers",1321675174918
started,bundle,org.eclipse.core.filesystem,1.3.100.v20110423-0524,"org.eclipse.core.filesystem",1321675174918
started,bundle,org.eclipse.core.jobs,3.5.100.v20110404,"org.eclipse.core.jobs",1321675174926
started,bundle,org.eclipse.core.net,1.2.100.I20110511-0800,"org.eclipse.core.net",1321675174926
started,bundle,org.eclipse.core.resources,3.7.100.v20110510-0712,"org.eclipse.core.resources",1321675174935
started,bundle,org.eclipse.core.runtime,3.7.0.v20110110,"org.eclipse.core.runtime",1321675174935
started,bundle,org.eclipse.core.runtime.compatibility,3.2.100.v20100505,"org.eclipse.core.runtime.compatibility",1321675174936
started,bundle,org.eclipse.core.runtime.compatibility.auth,3.2.200.v20110110,"org.eclipse.core.runtime.compatibility.auth",1321675174946
started,bundle,org.eclipse.core.variables,3.2.500.v20110511,"org.eclipse.core.variables",1321675174947
started,bundle,org.eclipse.debug.core,3.7.0.v20110518,"org.eclipse.debug.core",1321675174964
started,bundle,org.eclipse.egit.core,1.0.0.201106090707-r,"org.eclipse.egit.core",1321675174982
started,bundle,org.eclipse.egit.ui,1.0.0.201106090707-r,"org.eclipse.egit.ui",1321675175000
started,bundle,org.eclipse.epp.mpc.ui,1.1.0.I20110525-0742,"org.eclipse.epp.mpc.ui",1321675175017
started,bundle,org.eclipse.epp.usagedata.gathering,1.3.1.R201106061540,"org.eclipse.epp.usagedata.gathering",1321675175018
started,bundle,org.eclipse.epp.usagedata.recording,1.3.1.R201106061540,"org.eclipse.epp.usagedata.recording",1321675175018
started,bundle,org.eclipse.equinox.app,1.3.100.v20110321,"org.eclipse.equinox.app",1321675175026
started,bundle,org.eclipse.equinox.common,3.6.0.v20110523,"org.eclipse.equinox.common",1321675175027
started,bundle,org.eclipse.equinox.ds,1.3.0.v20110502,"org.eclipse.equinox.ds",1321675175035
started,bundle,org.eclipse.equinox.event,1.2.100.v20110502,"org.eclipse.equinox.event",1321675175059
started,bundle,org.eclipse.equinox.p2.core,2.1.0.v20110502-1955,"org.eclipse.equinox.p2.core",1321675175060
started,bundle,org.eclipse.equinox.p2.directorywatcher,1.0.300.v20110502-1955,"org.eclipse.equinox.p2.directorywatcher",1321675175072
started,bundle,org.eclipse.equinox.p2.engine,2.1.0.v20110511,"org.eclipse.equinox.p2.engine",1321675175079
started,bundle,org.eclipse.equinox.p2.metadata,2.1.0.v20110510,"org.eclipse.equinox.p2.metadata",1321675175082
started,bundle,org.eclipse.equinox.p2.metadata.repository,1.2.0.v20110511-1359,"org.eclipse.equinox.p2.metadata.repository",1321675175085
started,bundle,org.eclipse.equinox.p2.operations,2.1.0.v20110511-1821,"org.eclipse.equinox.p2.operations",1321675175085
started,bundle,org.eclipse.equinox.p2.reconciler.dropins,1.1.100.v20110510,"org.eclipse.equinox.p2.reconciler.dropins",1321675175086
started,bundle,org.eclipse.equinox.p2.repository,2.1.0.v20110601,"org.eclipse.equinox.p2.repository",1321675175094
started,bundle,org.eclipse.equinox.p2.ui.sdk.scheduler,1.0.100.v20110502-1955,"org.eclipse.equinox.p2.ui.sdk.scheduler",1321675175095
started,bundle,org.eclipse.equinox.p2.updatechecker,1.1.200.v20110502-1955,"org.eclipse.equinox.p2.updatechecker",1321675175095
started,bundle,org.eclipse.equinox.preferences,3.4.0.v20110502,"org.eclipse.equinox.preferences",1321675175098
started,bundle,org.eclipse.equinox.registry,3.5.100.v20110502,"org.eclipse.equinox.registry",1321675175100
started,bundle,org.eclipse.equinox.security,1.1.0.v20110502,"org.eclipse.equinox.security",1321675175105
